Handle,Title,Option1 Name,Option1 Value,Option2 Name,Option2 Value,Option3 Name,Option3 Value,SKU,16443 N 91st St #104
wet-look-stockings,Wet Look Stockings,Size,Medium,Color,Black,,,D1728-BK-M,9
wet-look-stockings,Wet Look Stockings,Size,Large,Color,Black,,,D1728-BK-L,7
wet-look-lace-stocking,Wet Look Lace Stocking,Size,Medium,Color,Black,,,D1729-BK-M,11
wet-look-lace-stocking,Wet Look Lace Stocking,Size,Large,Color,Black,,,D1729-BK-L,10
wet-look-lace-and-lace-up-stockings,Wet Look Lace and Lace Up Stockings,Size,Small / Medium,Color,Black,,,D1732-BK-S/M,5
wet-look-lace-and-lace-up-stockings,Wet Look Lace and Lace Up Stockings,Size,Large / XL,Color,Black,,,D1732-BK-L/XL,5
mens-bikini-pouch-thong,Well-Endowed Thong,Color,White,Size,2XL,,,PX421-WT-2X,5
mens-bikini-pouch-thong,Well-Endowed Thong,Color,Black,Size,2XL,,,PX421-BK-2X,11
mens-bikini-cut-pouch-brief,Well-Endowed Brief,Size,2XL,Color,Black,,,PX422-BK-2X,8
mens-bikini-cut-pouch-brief,Well-Endowed Brief,Size,S,Color,Turquoise,,,PX422-TQ-S,4
vintage-mosaic-swimsuit,Vintage Mosaic Swimsuit,Size,Medium,Color,Mosaic,,,Z594-MS-M,12
mens-velvet-booty-boxer,Velvet Booty Boxer,Size,XL,Color,Grey,,,V366-GY-XL,4
mens-bikini-cut-brief-1,Velvet Contour Brief,Color,Grey,Size,XL,,,V367-GY-XL,4
womens-black-rose-panty,Womens Black Rose Panty,Size,S,Color,Black,,,Z953-BK-S,6
womens-black-rose-panty,Womens Black Rose Panty,Size,XS,Color,Black,,,Z953-BK-XS,4
womens-black-rose-bra,Womens Black Rose Bra,Size,XS,Color,Black,,,Z954-BK-XS,4
womens-black-rose-bra,Womens Black Rose Bra,Size,S,Color,Black,,,Z954-BK-S,6
womens-black-rose-bra,Womens Black Rose Bra,Size,M,Color,Black,,,Z954-BK-M,6
womens-black-rose-bra,Womens Black Rose Bra,Size,L,Color,Black,,,Z954-BK-L,5
womens-black-rose-bra,Womens Black Rose Bra,Size,XL,Color,Black,,,Z954-BK-XL,4
yoga-bodysuit-for-men,YogaAware Bodysuit,Color,Red,Size,L,,,Q040-RD-L,5
yoga-bodysuit-for-men,YogaAware Bodysuit,Color,Red,Size,XL,,,Q040-RD-XL,4
yoga-bodysuit-for-men,YogaAware Bodysuit,Color,Yellow,Size,L,,,Q040-YL-L,5
yoga-bodysuit-for-men,YogaAware Bodysuit,Color,Yellow,Size,XL,,,Q040-YL-XL,5
mens-bikini-pouch-thong,Well-Endowed Thong,Color,Turquoise,Size,2XL,,,PX421-TQ-2X,10
whistle-stop-gee-string,Whistle Stop Gee String,Size,L/XL,,,,,BW130-L/XL,9
mens-v-neck-ribbed-bodysuit,V-Neck Ribbed Bodysuit,Color,Nude,Size,M,,,R314-ND-M,4
mens-v-neck-mesh-bodysuit,V-Neck Mesh Bodysuit,Size,L,Color,Burgundy,,,F116-BU-L,9
mens-v-neck-mesh-bodysuit,V-Neck Mesh Bodysuit,Size,XL,Color,Burgundy,,,F116-BU-XL,9
mens-v-neck-mesh-bodysuit,V-Neck Mesh Bodysuit,Size,L,Color,Navy,,,F116-NV-L,5
mens-v-neck-mesh-bodysuit,V-Neck Mesh Bodysuit,Size,XL,Color,Navy,,,F116-NV-XL,5
mens-v-neck-ribbed-bodysuit,V-Neck Ribbed Bodysuit,Color,Royal Blue,Size,M,,,R314-RO-M,5
mens-v-neck-ribbed-bodysuit,V-Neck Ribbed Bodysuit,Color,Aqua,Size,S,,,R314-AA-S,5
mens-v-neck-ribbed-bodysuit,V-Neck Ribbed Bodysuit,Color,Aqua,Size,M,,,R314-AA-M,6
mens-v-neck-ribbed-bodysuit,V-Neck Ribbed Bodysuit,Color,Aqua,Size,L,,,R314-AA-L,4
yoga-bodysuit-for-men,YogaAware Bodysuit,Color,Pink,Size,XL,,,Q040-PK-XL,6
yoga-bodysuit-for-men,YogaAware Bodysuit,Color,Black,Size,S,,,Q040-BK-S,9
yoga-bodysuit-for-men,YogaAware Bodysuit,Color,Black,Size,M,,,Q040-BK-M,10
yoga-bodysuit-for-men,YogaAware Bodysuit,Color,Black,Size,L,,,Q040-BK-L,7
yoga-bodysuit-for-men,YogaAware Bodysuit,Color,Black,Size,XL,,,Q040-BK-XL,29
yoga-bodysuit-for-men,YogaAware Bodysuit,Color,Black,Size,2XL,,,Q040-BK-2X,11
yoga-bodysuit-for-men,YogaAware Bodysuit,Color,Brown,Size,M,,,Q040-BR-M,4
yoga-bodysuit-for-men,YogaAware Bodysuit,Color,Brown,Size,L,,,Q040-BR-L,9
yoga-bodysuit-for-men,YogaAware Bodysuit,Color,Brown,Size,XL,,,Q040-BR-XL,7
yoga-bodysuit-for-men,YogaAware Bodysuit,Color,Brown,Size,2XL,,,Q040-BR-2X,5
yoga-bodysuit-for-men,YogaAware Bodysuit,Color,Purple,Size,L,,,Q040-PU-L,4
yoga-bodysuit-for-men,YogaAware Bodysuit,Color,Purple,Size,2XL,,,Q040-PU-2X,4
waffle-mesh-boxer,Waffle Mesh Boxer,Size,S,Color,Black,,,F112-BK-S,6
waffle-mesh-boxer,Waffle Mesh Boxer,Size,M,Color,Black,,,F112-BK-M,13
waffle-mesh-boxer,Waffle Mesh Boxer,Size,XL,Color,Black,,,F112-BK-XL,13
